{"cameraMode":{"drawMode":0,"name":"Shaded","section":"Shading Mode"},"sceneLighting":false,"audioPlay":false,"sceneViewState":{"showFog":true,"showMaterialUpdate":false,"showSkybox":false,"showFlares":true,"showImageEffects":true,"showParticleSystems":true},"in2DMode":false,"pivot":{"x":-0.21877610683441163,"y":0.7546691298484802,"z":0.4926496148109436},"rotation":{"x":-0.0452989786863327,"y":-0.7820103168487549,"z":-0.05740990862250328,"w":0.6190603375434876},"size":1.4076292514801026,"orthographic":false}