{"cameraMode":{"drawMode":0,"name":"Shaded","section":"Shading Mode"},"sceneLighting":false,"audioPlay":false,"sceneViewState":{"showFog":true,"showMaterialUpdate":false,"showSkybox":false,"showFlares":true,"showImageEffects":true,"showParticleSystems":true},"in2DMode":false,"pivot":{"x":-0.7611085176467896,"y":0.9895336627960205,"z":3.5145814418792726},"rotation":{"x":0.09824398159980774,"y":-0.766383707523346,"z":0.12076492607593537,"w":0.623287558555603},"size":3.274794101715088,"orthographic":false}